{
    "period": 13.157895427407079,
    "duration": 0.1,
    "depth": 8722.489783350993,
    "power": 905073.6563369748
}