{
    "period": 0.2258188438476057,
    "duration": 0.1,
    "depth": 286.5749629159287,
    "power": 42160.327570628426
}