{
    "period": 0.200000591717727,
    "duration": 0.01,
    "depth": 719.2607189617329,
    "power": 435350.77818275156
}