{
    "period": 5.4663135874579565,
    "duration": 0.1,
    "depth": 1017.5571734573997,
    "power": 10694.652611986281
}