{
    "period": 0.2501139842376083,
    "duration": 0.1,
    "depth": 2276.3218715961657,
    "power": 3837843.3742734278
}