{
    "period": 0.2499905696287177,
    "duration": 0.01,
    "depth": 11179.144210166849,
    "power": 57014186.80569959
}